Label Value,Code,Description
810101 Air Force,810101,
810102 Army,810102,
"810103 Command, Control and Communications",810103,
810104 Emerging Defence Technologies,810104,
810105 Intelligence,810105,
810106 Logistics,810106,
810107 National Security,810107,
810108 Navy,810108,
810109 Personnel,810109,
810199 Defence not elsewhere classified,810199,
820101 Hardwood Plantations,820101,
820102 Harvesting and Transport of Forest Products,820102,
820103 Integration of Farm and Forestry,820103,
820104 Native Forests,820104,
820105 Softwood Plantations,820105,
820199 Forestry not elsewhere classified,820199,
820201 Almonds,820201,
820202 Berry Fruit (excl. Kiwifruit),820202,
820203 Citrus Fruit,820203,
820204 Hops,820204,
820205 Kiwifruit,820205,
820206 Macadamias,820206,
820207 Mushrooms and Truffles,820207,
820208 Olives,820208,
"820209 Ornamentals, Natives, Flowers and Nursery Plants",820209,
"820210 Pome Fruit, Pip Fruit",820210,
820211 Stone Fruit,820211,
820212 Table Grapes,820212,
820213 Tree Nuts (excl. Almonds and Macadamias),820213,
820214 Tropical Fruit,820214,
820215 Vegetables,820215,
820299 Horticultural Crops not elsewhere classified,820299,
820301 Cotton,820301,
"820302 Essential Oil Crops (e.g. Tea Tree, Eucalyptus, Lavender, Peppermint, Boronia, Sandalwood)",820302,
"820303 Plant Extract Crops (e.g. Pyrethrum, Jojoba)",820303,
820304 Sugar,820304,
820305 Tobacco,820305,
820306 Wine Grapes,820306,
820399 Industrial Crops not elsewhere classified,820399,
820401 Maize,820401,
820402 Rice,820402,
820403 Safflower Seed,820403,
820404 Sorghum,820404,
820405 Soybeans,820405,
820499 Summer Grains and Oilseeds not elsewhere classified,820499,
820501 Barley,820501,
820502 Canola,820502,
820503 Grain Legumes,820503,
820504 Linseed,820504,
820505 Lupins,820505,
820506 Oats,820506,
820507 Wheat,820507,
820599 Winter Grains and Oilseeds not elsewhere classified,820599,
820601 Cotton Lint and Cotton Seed,820601,
820602 Fresh Fruits and Vegetables (Post Harvest),820602,
820603 Sugar Cane (Cut for Crushing),820603,
820604 Tobacco Leaf,820604,
820605 Unprocessed Grains,820605,
"820606 Unprocessed Industrial Crops (excl. Sugar, Tobacco and Cotton)",820606,
820607 Unprocessed Oilseeds,820607,
820699 Harvesting and Packing of Plant Products not elsewhere classified,820699,
829801 Management of Gaseous Waste from Plant Production (excl. Greenhouse Gases),829801,
829802 Management of Greenhouse Gas Emissions from Plant Production,829802,
829803 Management of Liquid Waste from Plant Production (excl. Water),829803,
829804 Management of Solid Waste from Plant Production,829804,
829805 Management of Water Consumption by Plant Production,829805,
829899 Environmentally Sustainable Plant Production not elsewhere classified,829899,
829901 Forest Product Traceability and Quality Assurance,829901,
829902 Plant Product Traceability and Quality Assurance (excl. Forest Products),829902,
829999 Plant Production and Plant Primary Products not elsewhere classified,829999,
830101 Aquaculture Crustaceans (excl. Rock Lobster and Prawns),830101,
830102 Aquaculture Fin Fish (excl. Tuna),830102,
830103 Aquaculture Molluscs (excl. Oysters),830103,
830104 Aquaculture Oysters,830104,
830105 Aquaculture Prawns,830105,
830106 Aquaculture Rock Lobster,830106,
830107 Aquaculture Tuna,830107,
830199 Fisheries - Aquaculture not elsewhere classified,830199,
830201 Fisheries - Recreational,830201,
830202 Wild Caught Crustaceans (excl. Rock Lobster and Prawns),830202,
830203 Wild Caught Edible Molluscs,830203,
830204 Wild Caught Fin Fish (excl. Tuna),830204,
830205 Wild Caught Prawns,830205,
830206 Wild Caught Rock Lobster,830206,
830207 Wild Caught Tuna,830207,
830299 Fisheries - Wild Caught not elsewhere classified,830299,
830301 Beef Cattle,830301,
830302 Dairy Cattle,830302,
830303 Deer,830303,
830304 Goats,830304,
"830305 Game Livestock (e.g. Kangaroos, Wallabies, Camels, Buffaloes, Possums)",830305,
830306 Horses,830306,
"830307 Minor Livestock (e.g. Alpacas, Ostriches, Crocodiles, Farmed Rabbits)",830307,
830308 Pigs,830308,
830309 Poultry,830309,
830310 Sheep - Meat,830310,
830311 Sheep - Wool,830311,
830399 Livestock Raising not elsewhere classified,830399,
830401 Browse Crops,830401,
830402 Lucerne,830402,
830403 Native and Residual Pastures,830403,
830404 Non-Cereal Crops for Hay,830404,
830405 Non-Cereal Crops for Silage/Green Feed,830405,
830406 Sown Pastures (excl. Lucerne),830406,
"830499 Pasture, Browse and Fodder Crops not elsewhere classified",830499,
830501 Eggs,830501,
830502 Honey,830502,
830503 Live Animals,830503,
830504 Pearls,830504,
830505 Raw Wool,830505,
830506 Unprocessed or Minimally Processed Fish,830506,
830507 Unprocessed or Minimally Processed Milk,830507,
830599 Primary Animal Products not elsewhere classified,830599,
839801 Management of Gaseous Waste from Animal Production (excl. Greenhouse Gases),839801,
839802 Management of Greenhouse Gas Emissions from Animal Production,839802,
839803 Management of Liquid Waste from Animal Production (excl. Water),839803,
839804 Management of Solid Waste from Animal Production,839804,
839805 Management of Water Consumption by Animal Production,839805,
839899 Environmentally Sustainable Animal Production not elsewhere classified,839899,
839901 Animal Welfare,839901,
839902 Fish Product Traceability and Quality Assurance,839902,
839903 Livestock Product Traceability and Quality Assurance,839903,
839999 Animal Production and Animal Primary Products not elsewhere classified,839999,
840101 Aluminium Ore Exploration,840101,
840102 Copper Ore Exploration,840102,
840103 Diamond Exploration,840103,
840104 Iron Ore Exploration,840104,
840105 Precious (Noble) Metal Ore Exploration,840105,
840106 Stone and Clay Exploration,840106,
"840107 Titanium Minerals, Zircon, and Rare Earth Metal Ore (e.g. Monazite) Exploration",840107,
840108 Zinc Ore Exploration,840108,
840199 Mineral Exploration not elsewhere classified,840199,
840201 Mining and Extraction of Aluminium Ores,840201,
840202 Mining and Extraction of Copper Ores,840202,
840203 Mining and Extraction of Diamonds,840203,
840204 Mining and Extraction of Iron Ores,840204,
840205 Mining and Extraction of Precious (Noble) Metal Ores,840205,
840206 Mining and Extraction of Stone and Clay,840206,
"840207 Mining and Extraction of Titanium Minerals, Zircon, and Rare Earth Metal Ores (e.g. Monazite)",840207,
840208 Mining and Extraction of Zinc Ores,840208,
840299 Primary Mining and Extraction of Mineral Resources not elsewhere classified,840299,
840301 Alumina Production,840301,
840302 Beneficiation of Bauxite and Aluminium Ores (excl. Alumina Production),840302,
840303 Beneficiation or Dressing of Iron Ores,840303,
840304 Beneficiation or Dressing of Non-Metallic Minerals (incl. Diamonds),840304,
840305 Concentrating Processes of Base Metal Ores (excl. Aluminium and Iron Ores),840305,
840306 Production of Unrefined Precious Metal Ingots and Concentrates,840306,
840399 First Stage Treatment of Ores and Minerals not elsewhere classified,840399,
849801 Management of Gaseous Waste From Mineral Resource Activities (excl. Greenhouse Gases),849801,
849802 Management of Greenhouse Gas Emissions from Mineral Resource Activities,849802,
849803 Management of Liquid Waste from Mineral Resource Activities (excl. Water),849803,
849804 Management of Solid Waste from Mineral Resource Activities,849804,
849805 Management of Water Consumption by Mineral Resource Activities,849805,
849899 Environmentally Sustainable Mineral Resource Activities not elsewhere classified,849899,
849999 Mineral Resources (excl. Energy Resources) not elsewhere classified,849999,
850101 Coal Exploration,850101,
850102 Geothermal Exploration,850102,
850103 Oil and Gas Exploration,850103,
850104 Oil Shale and Tar Sands Exploration,850104,
850105 Uranium Exploration,850105,
850199 Energy Exploration not elsewhere classified,850199,
850201 Coal Mining and Extraction,850201,
850202 Geothermal Energy Extraction,850202,
850203 Oil and Gas Extraction,850203,
850204 Oil Shale and Tar Sands Mining and Extraction,850204,
850205 Uranium Mining and Extraction,850205,
850299 Mining and Extraction of Energy Resources not elsewhere classified,850299,
850301 Hydrogen Production from Fossil Fuels,850301,
850302 Hydrogen Production from Nuclear Energy,850302,
850303 Hydrogen Production from Renewable Energy,850303,
850304 Oil and Gas Refining,850304,
850305 Preparation of Black Coal,850305,
850306 Preparation of Brown Coal (Lignite),850306,
850307 Preparation of Oil Shale and Tar Sands,850307,
850308 Preparation of Uranium,850308,
850309 Production of Biofuels (Biomass),850309,
850399 Preparation and Production of Energy Sources not elsewhere classified,850399,
850401 Fuel Cells (excl. Solid Oxide),850401,
850402 Hydrogen-based Energy Systems (incl. Internal Hydrogen Combustion Engines),850402,
850403 Nuclear Energy,850403,
850404 Solid Oxide Fuel Cells,850404,
850405 Transformation of Black Coal into Electricity,850405,
850406 Transformation of Brown Coal (Lignite) into Electricity,850406,
850407 Transformation of Coal into Gaseous Fuels,850407,
850408 Transformation of Coal into Liquid Fuels,850408,
850409 Transformation of Gas into Electricity,850409,
850410 Transformation of Gas into Liquid Fuels,850410,
850499 Energy Transformation not elsewhere classified,850499,
850501 Biofuel (Biomass) Energy,850501,
850502 Geothermal Energy,850502,
850503 Hydro-Electric Energy,850503,
850504 Solar-Photovoltaic Energy,850504,
850505 Solar-Thermal Electric Energy,850505,
850506 Solar-Thermal Energy,850506,
850507 Tidal Energy,850507,
850508 Wave Energy,850508,
850509 Wind Energy,850509,
850599 Renewable Energy not elsewhere classified,850599,
850601 Energy Services and Utilities,850601,
850602 Energy Storage (excl. Hydrogen),850602,
850603 Energy Systems Analysis,850603,
850604 Energy Transmission and Distribution (excl. Hydrogen),850604,
850605 Hydrogen Distribution,850605,
850606 Hydrogen Storage,850606,
"850699 Energy Storage, Distribution and Supply not elsewhere classified",850699,
850701 Commercial Energy Conservation and Efficiency,850701,
850702 Energy Conservation and Efficiency in Transport,850702,
850703 Industrial Energy Conservation and Efficiency,850703,
850704 Residential Energy Conservation and Efficiency,850704,
850799 Energy Conservation and Efficiency not elsewhere classified,850799,
859801 Management of Gaseous Waste from Energy Activities (excl. Greenhouse Gases),859801,
859802 Management of Greenhouse Gas Emissions from Electricity Generation,859802,
859803 Management of Greenhouse Gas Emissions from Energy Activities (excl. Electricity Generation),859803,
859804 Management of Liquid Waste from Energy Activities (excl. Water),859804,
859805 Management of Solid Waste from Energy Activities,859805,
859806 Management of Water Consumption by Energy Activities,859806,
859899 Environmentally Sustainable Energy Activities not elsewhere classified,859899,
859999 Energy not elsewhere classified,859999,
860101 Bakery Products,860101,
860102 Beverages (excl. Fruit Juices),860102,
860103 Carcass Meat (incl. Fish and Seafood),860103,
860104 Flour Mill and Cereal Food,860104,
860105 Nutraceuticals and Functional foods,860105,
860106 Oils and Fats (incl. Margarines),860106,
860107 Processed Fish and Seafood Products,860107,
860108 Processed Fruit and Vegetable Products (incl. Fruit Juices),860108,
860109 Processed Meat Products,860109,
860110 Soy Products,860110,
860111 Sugar and Confectionery Products,860111,
860199 Processed Food Products and Beverages (excl. Dairy Products) not elsewhere classified,860199,
860201 Butter and Milk-Derived Fats and Oils (excl. Cream),860201,
860202 Casein,860202,
860203 Cheese,860203,
"860204 Processed Milk and Cream (incl. Powder, Evaporated and Condensed)",860204,
860205 Whey,860205,
860299 Dairy Products not elsewhere classified,860299,
"860301 Essential Oils (e.g. Tea Tree, Eucalyptus, Lavender, Peppermint, Boronia, Sandalwood)",860301,
860302 Organic Fertilisers,860302,
"860303 Plant Extracts (e.g. Pyrethrum, Alkaloids, Jojoba Oil)",860303,
860304 Prepared Animal Feed,860304,
"860399 Processed Non-Food Agricultural Products (excl. Wood, Paper and Fibre) not elsewhere classified",860399,
860401 Clothing,860401,
860402 Cotton Ginning,860402,
"860403 Natural Fibres, Yarns and Fabrics",860403,
860404 Non-Fabric Textiles (e.g. Felt),860404,
"860405 Processed Skins, Leather and Leather Products",860405,
"860406 Synthetic Fibres, Yarns and Fabrics",860406,
860407 Wool Scouring and Top Making,860407,
"860499 Leather Products, Fibre Processing and Textiles not elsewhere classified",860499,
860501 Paper Products (incl. Coated Paper),860501,
860502 Printing and Publishing Processes,860502,
860503 Pulp and Paper,860503,
"860504 Reconstituted Timber Products (e.g. Chipboard, Particleboard)",860504,
860505 Wood Sawing and Veneer,860505,
"860599 Wood, Wood Products and Paper not elsewhere classified",860599,
860601 Industrial Gases,860601,
860602 Inorganic Industrial Chemicals,860602,
860603 Lubricants,860603,
"860604 Organic Industrial Chemicals (excl. Resins, Rubber and Plastics)",860604,
860605 Paints,860605,
860606 Plastics in Primary Forms,860606,
860607 Plastic Products (incl. Construction Materials),860607,
860608 Rubber and Synthetic Resins,860608,
860609 Soaps and Cosmetics,860609,
860699 Industrial Chemicals and Related Products not elsewhere classified,860699,
860701 Animal Protection Chemicals,860701,
860702 Chemical Fertilisers,860702,
860703 Crop Protection Chemicals,860703,
860799 Agricultural Chemicals not elsewhere classified,860799,
860801 Human Biological Preventatives (e.g. Vaccines),860801,
860802 Human Diagnostics,860802,
860803 Human Pharmaceutical Treatments (e.g. Antibiotics),860803,
860899 Human Pharmaceutical Products not elsewhere classified,860899,
860901 Veterinary Biological Preventatives (e.g. Vaccines),860901,
860902 Veterinary Diagnostics,860902,
860903 Veterinary Pharmaceutical Treatments (e.g. Antibiotics),860903,
860999 Veterinary Pharmaceutical Products not elsewhere classified,860999,
861001 Cement Products and Concrete Materials,861001,
861002 Ceramics,861002,
861003 Clay Products,861003,
861004 Plaster and Plaster Products,861004,
861005 Structural Glass and Glass Products,861005,
"861099 Ceramics, Glass and Industrial Mineral Products not elsewhere classified",861099,
861101 Basic Aluminium Products,861101,
861102 Basic Copper Products,861102,
861103 Basic Iron and Steel Products,861103,
861104 Basic Precious Metal Products,861104,
861105 Basic Zinc Products,861105,
"861199 Basic Metal Products (incl. Smelting, Rolling, Drawing and Extruding) not elsewhere classified",861199,
861201 Coated Metal and Metal-Coated Products,861201,
861202 Machined Metal Products,861202,
861203 Metal Castings,861203,
861204 Semi-Finished Metal Products,861204,
861205 Sheet Metal Products,861205,
861206 Structural Metal Products,861206,
861299 Fabricated Metal Products not elsewhere classified,861299,
861301 Aerospace Equipment,861301,
861302 Automotive Equipment,861302,
861303 Nautical Equipment (excl. Yachts),861303,
861304 Rail Equipment,861304,
861305 Yachts,861305,
861399 Transport Equipment not elsewhere classified,861399,
861401 Agricultural Machinery and Equipment,861401,
861402 Appliances and Electrical Machinery and Equipment,861402,
861403 Industrial Machinery and Equipment,861403,
861404 Mining Machinery and Equipment,861404,
861499 Machinery and Equipment not elsewhere classified,861499,
861501 Industrial Instruments,861501,
861502 Medical Instruments,861502,
861503 Scientific Instruments,861503,
861599 Instrumentation not elsewhere classified,861599,
861601 Computer and Electronic Office Equipment,861601,
861602 Consumer Electronic Equipment (excl. Communication Equipment),861602,
861603 Integrated Circuits and Devices,861603,
861604 Integrated Systems,861604,
861605 Processor Modules,861605,
861606 Satellite Navigation Equipment,861606,
861699 Computer Hardware and Electronic Equipment not elsewhere classified,861699,
861701 Network Infrastructure Equipment,861701,
861702 Telemetry Equipment,861702,
861703 Voice and Data Equipment,861703,
861799 Communication Equipment not elsewhere classified,861799,
869801 Management of Gaseous Waste from Manufacturing Activities (excl. Greenhouse Gases),869801,
869802 Management of Greenhouse Gas Emissions from Manufacturing Activities,869802,
869803 Management of Liquid Waste from Manufacturing Activities (excl. Water),869803,
869804 Management of Solid Waste from Manufacturing Activities,869804,
869805 Management of Water Consumption by Manufacturing Activities,869805,
869899 Environmentally Sustainable Manufacturing not elsewhere classified,869899,
869901 Furniture,869901,
869999 Manufacturing not elsewhere classified,869999,
870101 Civil Construction Planning,870101,
870102 Commercial Construction Planning,870102,
870103 Regional Planning,870103,
870104 Residential Construction Planning,870104,
870105 Urban Planning,870105,
870199 Construction Planning not elsewhere classified,870199,
870201 Civil Construction Design,870201,
870202 Commercial Construction Design,870202,
870203 Industrial Construction Design,870203,
870204 Residential Construction Design,870204,
870299 Construction Design not elsewhere classified,870299,
870301 Cement and Concrete Materials,870301,
"870302 Metals (e.g. Composites, Coatings, Bonding)",870302,
870303 Polymeric Materials (e.g. Paints),870303,
"870304 Stone, Ceramics and Clay Materials",870304,
870305 Timber Materials,870305,
870399 Construction Materials Performance and Processes not elsewhere classified,870399,
870401 Civil Construction Processes,870401,
870402 Commercial Construction Processes,870402,
870403 Industrial Construction Processes,870403,
870404 Residential Construction Processes,870404,
870499 Construction Processes not elsewhere classified,870499,
870501 Civil Building Management and Services,870501,
870502 Commercial Building Management and Services,870502,
870503 Residential Building Management and Services,870503,
870599 Building Management and Services not elsewhere classified,870599,
879801 Management of Gaseous Waste from Construction Activities (excl. Greenhouse Gases),879801,
879802 Management of Greenhouse Gas Emissions from Construction Activities,879802,
879803 Management of Liquid Waste from Construction Activities (excl. Water),879803,
879804 Management of Solid Waste from Construction Activities,879804,
879805 Management of Water Consumption by Construction Activities,879805,
879899 Environmentally Sustainable Construction not elsewhere classified,879899,
879999 Construction not elsewhere classified,879999,
880101 Rail Freight,880101,
880102 Rail Infrastructure and Networks,880102,
880103 Rail Passenger Movements,880103,
880104 Rail Safety,880104,
880105 Road Freight,880105,
880106 Road Infrastructure and Networks,880106,
880107 Road Passenger Movements (excl. Public Transport),880107,
880108 Road Public Transport,880108,
880109 Road Safety,880109,
880199 Ground Transport not elsewhere classified,880199,
880201 Coastal Sea Freight Transport,880201,
880202 International Sea Freight Transport (excl. Live Animal Transport),880202,
880203 International Sea Transport of Live Animals,880203,
880204 Passenger Water Transport,880204,
880205 Port Infrastructure and Management,880205,
880206 Water Safety,880206,
880299 Water Transport not elsewhere classified,880299,
880301 Air Freight,880301,
880302 Air Passenger Transport,880302,
880303 Air Safety,880303,
880304 Air Terminal Infrastructure and Management,880304,
880305 Space Transport,880305,
880399 Aerospace Transport not elsewhere classified,880399,
889801 Management of Gaseous Waste from Transport Activities (excl. Greenhouse Gases),889801,
889802 Management of Greenhouse Gas Emissions from Transport Activities,889802,
889803 Management of Liquid Waste from Transport Activities (excl. Water),889803,
889804 Management of Noise and Vibration from Transport Activities,889804,
889805 Management of Solid Waste from Transport Activities,889805,
889806 Management of Water Consumption by Transport Activities,889806,
889899 Environmentally Sustainable Transport not elsewhere classified,889899,
889901 Intermodal Materials Handling,889901,
889902 Multimodal Transport,889902,
889903 Pipeline Transport,889903,
889904 Postal and Package Services (incl. Courier Services),889904,
889999 Transport not elsewhere classified,889999,
890101 Fixed Line Data Networks and Services,890101,
890102 Fixed Line Telephone Networks and Services,890102,
890103 Mobile Data Networks and Services,890103,
890104 Mobile Telephone Networks and Services,890104,
890105 Satellite Communication Networks and Services,890105,
890106 Videoconference Services,890106,
890199 Communication Networks and Services not elsewhere classified,890199,
890201 Application Software Packages (excl. Computer Games),890201,
890202 Application Tools and System Utilities,890202,
890203 Computer Gaming Software,890203,
"890204 Computer Time Leasing, Sharing and Renting Services",890204,
890205 Information Processing Services (incl. Data Entry and Capture),890205,
890206 Internet Hosting Services (incl. Application Hosting Services),890206,
890299 Computer Software and Services not elsewhere classified,890299,
890301 Electronic Information Storage and Retrieval Services,890301,
890302 Library and Archival Services,890302,
890303 News Collection Services,890303,
890399 Information Services not elsewhere classified,890399,
890401 Animation and Computer Generated Imagery Services,890401,
890402 Film and Video Services (excl. Animation and Computer Generated Imagery),890402,
890403 Internet Broadcasting,890403,
890404 Publishing and Print Services (incl. Internet Publishing),890404,
890405 Radio and Television Broadcasting,890405,
890499 Media Services not elsewhere classified,890499,
899801 Management of Greenhouse Gas Emissions from Information and Communication Services,899801,
899802 Management of Solid Waste from Information and Communication Services,899802,
899803 Management of Water Consumption by Information and Communication Services,899803,
899899 Environmentally Sustainable Information and Communication Services not elsewhere classified,899899,
899999 Information and Communication Services not elsewhere classified,899999,
900101 Finance Services,900101,
900102 Investment Services (excl. Superannuation),900102,
900103 Superannuation and Insurance Services,900103,
900199 Financial Services not elsewhere classified,900199,
900201 Administration and Business Support Services,900201,
"900202 Professional, Scientific and Technical Services",900202,
900203 Property Services (incl. Security),900203,
900204 Wholesale and Retail Trade,900204,
"900299 Property, Business Support Services and Trade not elsewhere classified",900299,
900301 Economic Issues in Tourism,900301,
900302 Socio-Cultural Issues in Tourism,900302,
900303 Tourism Infrastructure Development,900303,
900399 Tourism not elsewhere classified,900399,
900401 Waste Management Services,900401,
900402 Waste Recycling Services,900402,
900403 Water Recycling Services (incl. Sewage and Greywater),900403,
900404 Water Services and Utilities,900404,
900499 Water and Waste Services not elsewhere classified,900499,
909801 Management of Gaseous Waste from Commercial Services and Tourism (excl. Greenhouse Gases),909801,
909802 Management of Greenhouse Gas Emissions from Commercial Services and Tourism,909802,
909803 Management of Liquid Waste from Commercial Services and Tourism (excl. Water),909803,
909804 Management of Solid Waste from Commercial Services and Tourism,909804,
909805 Management of Water Consumption by Commercial Services and Tourism,909805,
909899 Environmentally Sustainable Commercial Services and Tourism not elsewhere classified,909899,
909901 Hospitality Services,909901,
909902 Recreational Services,909902,
909999 Commercial Services and Tourism not elsewhere classified,909999,
910101 Balance of Payments,910101,
910102 Demography,910102,
910103 Economic Growth,910103,
910104 Exchange Rates,910104,
910105 Fiscal Policy,910105,
910106 Income Distribution,910106,
910107 Macro Labour Market Issues,910107,
910108 Monetary Policy,910108,
910109 Savings and Investments,910109,
910110 Taxation,910110,
910199 Macroeconomics not elsewhere classified,910199,
910201 Consumption,910201,
910202 Human Capital Issues,910202,
910203 Industrial Organisations,910203,
910204 Industry Costs and Structure,910204,
910205 Industry Policy,910205,
910206 Market-Based Mechanisms,910206,
910207 Microeconomic Effects of Taxation,910207,
910208 Micro Labour Market Issues,910208,
"910209 Preference, Behaviour and Welfare",910209,
910210 Production,910210,
910211 Supply and Demand,910211,
910299 Microeconomics not elsewhere classified,910299,
910301 International Agreements on Trade,910301,
910302 Trade Assistance and Protection,910302,
910303 Trade Policy,910303,
910399 International Trade not elsewhere classified,910399,
910401 Industrial Relations,910401,
910402 Management,910402,
910403 Marketing,910403,
910404 Productivity (excl. Public Sector),910404,
910405 Public Sector Productivity,910405,
910406 Technological and Organisational Innovation,910406,
910499 Management and Productivity not elsewhere classified,910499,
910501 Agricultural and Environmental Standards,910501,
910502 Defence Standards and Calibrations,910502,
910503 Manufacturing Standards and Calibrations,910503,
910504 Service Industries Standards and Calibrations,910504,
910599 Measurement Standards and Calibration Services not elsewhere classified,910599,
919901 Carbon and Emissions Trading,919901,
919902 Ecological Economics,919902,
919999 Economic Framework not elsewhere classified,919999,
920101 Blood Disorders,920101,
920102 Cancer and Related Disorders,920102,
920103 Cardiovascular System and Diseases,920103,
920104 Diabetes,920104,
920105 Digestive System Disorders,920105,
920106 Endocrine Organs and Diseases (excl. Diabetes),920106,
"920107 Hearing, Vision, Speech and Their Disorders",920107,
920108 Immune System and Allergy,920108,
920109 Infectious Diseases,920109,
920110 Inherited Diseases (incl. Gene Therapy),920110,
920111 Nervous System and Disorders,920111,
920112 Neurodegenerative Disorders Related to Ageing,920112,
920113 Oro-Dental Disorders,920113,
920114 Reproductive System and Disorders,920114,
920115 Respiratory System and Diseases (incl. Asthma),920115,
920116 Skeletal System and Disorders (incl. Arthritis),920116,
920117 Skin and Related Disorders,920117,
920118 Surgical Methods and Procedures,920118,
920119 Urogenital System and Disorders,920119,
920120 Zoonoses,920120,
"920199 Clinical Health (Organs, Diseases and Abnormal Conditions) not elsewhere classified",920199,
920201 Allied Health Therapies (excl. Mental Health Services),920201,
920202 Carer Health,920202,
920203 Diagnostic Methods,920203,
920204 Evaluation of Health Outcomes,920204,
920205 Health Education and Promotion,920205,
920206 Health Inequalities,920206,
920207 Health Policy Economic Outcomes,920207,
920208 Health Policy Evaluation,920208,
920209 Mental Health Services,920209,
920210 Nursing,920210,
920211 Palliative Care,920211,
920299 Health and Support Services not elsewhere classified,920299,
920301 Aboriginal and Torres Strait Islander Health - Determinants of Health,920301,
920302 Aboriginal and Torres Strait Islander Health - Health Status and Outcomes,920302,
920303 Aboriginal and Torres Strait Islander Health - Health System Performance (incl. Effectiveness of Interventions),920303,
920304 Māori Health - Determinants of Health,920304,
920305 Māori Health - Health Status and Outcomes,920305,
920306 Māori Health - Health System Performance (incl. Effectiveness of Interventions),920306,
920307 Pacific Peoples Health - Determinants of Health,920307,
920308 Pacific Peoples Health - Health Status and Outcomes,920308,
920309 Pacific Peoples Health - Health System Performance (incl. Effectiveness of Interventions),920309,
920399 Indigenous Health not elsewhere classified,920399,
920401 Behaviour and Health,920401,
920402 Dental Health,920402,
920403 Disability and Functional Capacity,920403,
920404 Disease Distribution and Transmission (incl. Surveillance and Response),920404,
920405 Environmental Health,920405,
920406 Food Safety,920406,
920407 Health Protection and/or Disaster Response,920407,
920408 Health Status (e.g. Indicators of Well-Being),920408,
920409 Injury Control,920409,
920410 Mental Health,920410,
920411 Nutrition,920411,
920412 Preventive Medicine,920412,
920413 Social Structure and Health,920413,
920414 Substance Abuse,920414,
920499 Public Health (excl. Specific Population Health) not elsewhere classified,920499,
920501 Child Health,920501,
920502 Health Related to Ageing,920502,
920503 Health Related to Specific Ethnic Groups,920503,
920504 Men's Health,920504,
920505 Occupational Health,920505,
920506 Rural Health,920506,
920507 Women's Health,920507,
920599 Specific Population Health (excl. Indigenous Health) not elsewhere classified,920599,
929999 Health not elsewhere classified,929999,
930101 Learner and Learning Achievement,930101,
930102 Learner and Learning Processes,930102,
930103 Learner Development,930103,
930104 Moral and Social Development (incl. Affect),930104,
930199 Learner and Learning not elsewhere classified,930199,
930201 Pedagogy,930201,
930202 Teacher and Instructor Development,930202,
930203 Teaching and Instruction Technologies,930203,
930299 Teaching and Instruction not elsewhere classified,930299,
930301 Assessment and Evaluation of Curriculum,930301,
930302 Syllabus and Curriculum Development,930302,
930399 Curriculum not elsewhere classified,930399,
930401 Management and Leadership of Schools/Institutions,930401,
930402 School/Institution Community and Environment,930402,
930403 School/Institution Policies and Development,930403,
930499 School/Institution not elsewhere classified,930499,
930501 Education and Training Systems Policies and Development,930501,
930502 Management of Education and Training Systems,930502,
930503 Resourcing of Education and Training Systems,930503,
930599 Education and Training Systems not elsewhere classified,930599,
939901 Aboriginal and Torres Strait Islander Education,939901,
939902 Education and Training Theory and Methodology,939902,
939903 Equity and Access to Education,939903,
939904 Gender Aspects of Education,939904,
939905 Māori Education,939905,
939906 Pacific Peoples Education,939906,
939907 Special Needs Education,939907,
939908 Workforce Transition and Employment,939908,
939999 Education and Training not elsewhere classified,939999,
940101 Ability and Disability,940101,
940102 Aboriginal and Torres Strait Islander Development and Welfare,940102,
940103 Ageing and Older People,940103,
940104 Carers' Development and Welfare,940104,
940105 Children's/Youth Services and Childcare,940105,
940106 Citizenship and National Identity,940106,
940107 Comparative Structure and Development of Community Services,940107,
940108 Distribution of Income and Wealth,940108,
940109 Employment Services,940109,
940110 Environmental Services,940110,
"940111 Ethnicity, Multiculturalism and Migrant Development and Welfare",940111,
940112 Families and Family Services,940112,
940113 Gender and Sexualities,940113,
940114 Māori Development and Welfare,940114,
940115 Pacific Peoples Development and Welfare,940115,
940116 Social Class and Inequalities,940116,
"940117 Structure, Delivery and Financing of Community Services",940117,
940199 Community Service (excl. Work) not elsewhere classified,940199,
940201 Civics and Citizenship,940201,
940202 Electoral Systems,940202,
940203 Political Systems,940203,
940204 Public Services Policy Advice and Analysis,940204,
940299 Government and Politics not elsewhere classified,940299,
940301 Defence and Security Policy,940301,
940302 International Aid and Development,940302,
940303 International Organisations,940303,
940304 International Political Economy (excl. International Trade),940304,
940399 International Relations not elsewhere classified,940399,
940401 Civil Justice,940401,
940402 Crime Prevention,940402,
940403 Criminal Justice,940403,
940404 Law Enforcement,940404,
940405 Law Reform,940405,
940406 Legal Processes,940406,
"940407 Legislation, Civil and Criminal Codes",940407,
940408 Rehabilitation and Correctional Services,940408,
940499 Justice and the Law not elsewhere classified,940499,
940501 Employment Patterns and Change,940501,
940502 Professions and Professionalisation,940502,
"940503 Time Use, Unpaid Work and Volunteering",940503,
940504 Work and Family Responsibilities,940504,
940505 Workplace Safety,940505,
940599 Work and Institutional Development not elsewhere classified,940599,
"949999 Law, Politics and Community Services not elsewhere classified",949999,
950101 Music,950101,
950102 Organised Sports,950102,
950103 Recreation,950103,
950104 The Creative Arts (incl. Graphics and Craft),950104,
950105 The Performing Arts (incl. Theatre and Dance),950105,
950199 Arts and Leisure not elsewhere classified,950199,
950201 Communication Across Languages and Culture,950201,
950202 Languages and Literacy,950202,
950203 Languages and Literature,950203,
950204 The Media,950204,
950205 Visual Communication,950205,
950299 Communication not elsewhere classified,950299,
950301 Āhuatanga Māori (Māori Tradition),950301,
950302 Conserving Aboriginal and Torres Strait Islander Heritage,950302,
950303 Conserving Collections and Movable Cultural Heritage,950303,
950304 Conserving Intangible Cultural Heritage,950304,
950305 Conserving Natural Heritage,950305,
950306 Conserving Pacific Peoples Heritage,950306,
950307 Conserving the Historic Environment,950307,
950308 Mātauranga Māori (Māori Knowledge),950308,
950309 Taonga (Māori Artefacts),950309,
950310 Tikanga Māori (Māori Customary Practices) ,950310,
950311 Wahi Taonga (Māori Places of Significance),950311,
950399 Heritage not elsewhere classified,950399,
950401 Bioethics,950401,
950402 Business Ethics,950402,
950403 Environmental Ethics,950403,
950404 Religion and Society,950404,
950405 Religious Structures and Ritual,950405,
950406 Religious Traditions (excl. Structures and Rituals),950406,
950407 Social Ethics,950407,
950408 Technological Ethics,950408,
950409 Workplace and Organisational Ethics,950409,
950499 Religion and Ethics not elsewhere classified,950499,
950501 Understanding Africa's Past,950501,
950502 Understanding Asia's Past,950502,
950503 Understanding Australia's Past,950503,
950504 Understanding Europe's Past,950504,
950505 Understanding New Zealand's Past,950505,
950506 Understanding the Past of the Americas,950506,
950599 Understanding Past Societies not elsewhere classified,950599,
959999 Cultural Understanding not elsewhere classified,959999,
960101 Antarctic and Sub-Antarctic Air Quality,960101,
960102 Coastal and Estuarine Air Quality,960102,
"960103 Farmland, Arable Cropland and Permanent Cropland Air Quality",960103,
960104 Marine Air Quality,960104,
960105 Mining Air Quality,960105,
960106 Urban and Industrial Air Quality,960106,
960199 Air Quality not elsewhere classified,960199,
960201 Atmospheric Composition (incl. Greenhouse Gas Inventory),960201,
960202 Atmospheric Processes and Dynamics,960202,
960203 Weather,960203,
960299 Atmosphere and Weather not elsewhere classified,960299,
960301 Climate Change Adaptation Measures,960301,
960302 Climate Change Mitigation Strategies,960302,
960303 Climate Change Models,960303,
960304 Climate Variability (excl. Social Impacts),960304,
960305 Ecosystem Adaptation to Climate Change,960305,
960306 Effects of Climate Change and Variability on Antarctic and Sub-Antarctic Environments (excl. Social Impacts),960306,
960307 Effects of Climate Change and Variability on Australia (excl. Social Impacts),960307,
960308 Effects of Climate Change and Variability on New Zealand (excl. Social Impacts),960308,
960309 Effects of Climate Change and Variability on the South Pacific (excl. Australia and New Zealand) (excl. Social Impacts),960309,
"960310 Global Effects of Climate Change and Variability (excl. Australia, New Zealand, Antarctica and the South Pacific) (excl. Social Impacts)",960310,
960311 Social Impacts of Climate Change and Variability,960311,
960399 Climate and Climate Change not elsewhere classified,960399,
960401 Border Biosecurity (incl. Quarantine and Inspection),960401,
"960402 Control of Animal Pests, Diseases and Exotic Species in Coastal and Estuarine Environments",960402,
"960403 Control of Animal Pests, Diseases and Exotic Species in Farmland, Arable Cropland and Permanent Cropland Environments",960403,
"960404 Control of Animal Pests, Diseases and Exotic Species in Forest and Woodlands Environments",960404,
"960405 Control of Pests, Diseases and Exotic Species at Regional or Larger Scales",960405,
"960406 Control of Pests, Diseases and Exotic Species in Fresh, Ground and Surface Water Environments",960406,
"960407 Control of Pests, Diseases and Exotic Species in Marine Environments",960407,
"960408 Control of Pests, Diseases and Exotic Species in Mining Environments",960408,
"960409 Control of Pests, Diseases and Exotic Species in Mountain and High Country Environments",960409,
"960410 Control of Pests, Diseases and Exotic Species in Sparseland, Permanent Grassland and Arid Zone Environments",960410,
"960411 Control of Pests, Diseases and Exotic Species in Urban and Industrial Environments",960411,
"960412 Control of Plant Pests, Diseases and Exotic Species in Coastal and Estuarine Environments",960412,
"960413 Control of Plant Pests, Diseases and Exotic Species in Farmland, Arable Cropland and Permanent Cropland Environments",960413,
"960414 Control of Plant Pests, Diseases and Exotic Species in Forest and Woodlands Environments",960414,
960415 Pre-Border Biosecurity,960415,
"960499 Control of Pests, Diseases and Exotic Species not elsewhere classified",960499,
960501 Ecosystem Assessment and Management at Regional or Larger Scales,960501,
960502 Ecosystem Assessment and Management of Antarctic and Sub-Antarctic Environments,960502,
960503 Ecosystem Assessment and Management of Coastal and Estuarine Environments,960503,
"960504 Ecosystem Assessment and Management of Farmland, Arable Cropland and Permanent Cropland Environments",960504,
960505 Ecosystem Assessment and Management of Forest and Woodlands Environments,960505,
"960506 Ecosystem Assessment and Management of Fresh, Ground and Surface Water Environments",960506,
960507 Ecosystem Assessment and Management of Marine Environments,960507,
960508 Ecosystem Assessment and Management of Mining Environments,960508,
960509 Ecosystem Assessment and Management of Mountain and High Country Environments,960509,
"960510 Ecosystem Assessment and Management of Sparseland, Permanent Grassland and Arid Zone Environments",960510,
960511 Ecosystem Assessment and Management of Urban and Industrial Environments,960511,
960599 Ecosystem Assessment and Management not elsewhere classified,960599,
960601 Economic Incentives for Environmental Protection,960601,
960602 Eco-Verification (excl. Environmental Lifecycle Assessment),960602,
960603 Environmental Lifecycle Assessment,960603,
960604 Environmental Management Systems,960604,
960605 Institutional Arrangements for Environmental Protection,960605,
960606 Rights to Environmental and Natural Resources (excl. Water Allocation),960606,
960607 Rural Land Evaluation,960607,
960608 Rural Water Evaluation (incl. Water Quality),960608,
960609 Sustainability Indicators,960609,
960610 Urban Land Evaluation,960610,
960611 Urban Water Evaluation (incl. Water Quality),960611,
960699 Environmental and Natural Resource Evaluation not elsewhere classified,960699,
960701 Coastal and Marine Management Policy,960701,
"960702 Consumption Patterns, Population Issues and the Environment",960702,
960703 Environmental Education and Awareness,960703,
960704 Land Stewardship,960704,
960705 Rural Land Policy,960705,
960706 Rural Water Policy,960706,
960707 Trade and Environment,960707,
960708 Urban Land Policy,960708,
960709 Urban Water Policy,960709,
"960799 Environmental Policy, Legislation and Standards not elsewhere classified",960799,
"960801 Antarctic and Sub-Antarctic Flora, Fauna and Biodiversity",960801,
"960802 Coastal and Estuarine Flora, Fauna and Biodiversity",960802,
960803 Documentation of Undescribed Flora and Fauna,960803,
"960804 Farmland, Arable Cropland and Permanent Cropland Flora, Fauna and Biodiversity",960804,
"960805 Flora, Fauna and Biodiversity at Regional or Larger Scales",960805,
"960806 Forest and Woodlands Flora, Fauna and Biodiversity",960806,
"960807 Fresh, Ground and Surface Water Flora, Fauna and Biodiversity",960807,
"960808 Marine Flora, Fauna and Biodiversity",960808,
"960809 Mining Flora, Fauna and Biodiversity",960809,
"960810 Mountain and High Country Flora, Fauna and Biodiversity",960810,
"960811 Sparseland, Permanent Grassland and Arid Zone Flora, Fauna and Biodiversity",960811,
"960812 Urban and Industrial Flora, Fauna and Biodiversity",960812,
"960899 Flora, Fauna and Biodiversity of environments not elsewhere classified",960899,
960901 Antarctic and Sub-Antarctic Land and Water Management,960901,
960902 Coastal and Estuarine Land Management,960902,
960903 Coastal and Estuarine Water Management,960903,
"960904 Farmland, Arable Cropland and Permanent Cropland Land Management",960904,
"960905 Farmland, Arable Cropland and Permanent Cropland Water Management",960905,
960906 Forest and Woodlands Land Management,960906,
960907 Forest and Woodlands Water Management,960907,
960908 Mining Land and Water Management,960908,
960909 Mountain and High Country Land and Water Management,960909,
"960910 Sparseland, Permanent Grassland and Arid Zone Land and Water Management",960910,
960911 Urban and Industrial Land Management,960911,
960912 Urban and Industrial Water Management,960912,
960913 Water Allocation and Quantification,960913,
960999 Land and Water Management of environments not elsewhere classified,960999,
961001 Natural Hazards in Antarctic and Sub-Antarctic Environments,961001,
961002 Natural Hazards in Coastal and Estuarine Environments,961002,
"961003 Natural Hazards in Farmland, Arable Cropland and Permanent Cropland Environments",961003,
961004 Natural Hazards in Forest and Woodlands Environments,961004,
"961005 Natural Hazards in Fresh, Ground and Surface Water Environments",961005,
961006 Natural Hazards in Marine Environments,961006,
961007 Natural Hazards in Mining Environments,961007,
961008 Natural Hazards in Mountain and High Country Environments,961008,
"961009 Natural Hazards in Sparseland, Permanent Grassland and Arid Zone Environments",961009,
961010 Natural Hazards in Urban and Industrial Environments,961010,
961099 Natural Hazards not elsewhere classified,961099,
961101 Physical and Chemical Conditions of Water for Urban and Industrial Use,961101,
961102 Physical and Chemical Conditions of Water in Coastal and Estuarine Environments,961102,
"961103 Physical and Chemical Conditions of Water in Fresh, Ground and Surface Water Environments (excl. Urban and Industrial Use)",961103,
961104 Physical and Chemical Conditions of Water in Marine Environments,961104,
961199 Physical and Chemical Conditions of Water not elsewhere classified,961199,
961201 Rehabilitation of Degraded Coastal and Estuarine Environments,961201,
"961202 Rehabilitation of Degraded Farmland, Arable Cropland and Permanent Cropland Environments",961202,
961203 Rehabilitation of Degraded Forest and Woodlands Environments,961203,
"961204 Rehabilitation of Degraded Fresh, Ground and Surface Water Environments",961204,
961205 Rehabilitation of Degraded Mining Environments,961205,
961206 Rehabilitation of Degraded Mountain and High Country Environments,961206,
"961207 Rehabilitation of Degraded Sparseland, Permanent Grassland and Arid Zone Environments",961207,
961208 Rehabilitation of Degraded Urban and Industrial Environments,961208,
961299 Rehabilitation of Degraded Environments not elsewhere classified,961299,
961301 Protected Conservation Areas in Antarctic and Sub-Antarctic Environments,961301,
"961302 Protected Conservation Areas in Fresh, Ground and Surface Water Environments",961302,
961303 Protected Conservation Areas in Marine Environments,961303,
961304 Remnant Vegetation and Protected Conservation Areas in Coastal and Estuarine Environments,961304,
"961305 Remnant Vegetation and Protected Conservation Areas in Farmland, Arable Cropland and Permanent Cropland Environments",961305,
961306 Remnant Vegetation and Protected Conservation Areas in Forest and Woodlands Environments,961306,
961307 Remnant Vegetation and Protected Conservation Areas in Mountain and High Country Environments,961307,
961308 Remnant Vegetation and Protected Conservation Areas at Regional or Larger Scales,961308,
"961309 Remnant Vegetation and Protected Conservation Areas in Sparseland, Permanent Grassland and Arid Zone Environments",961309,
961310 Remnant Vegetation and Protected Conservation Areas in Urban and Industrial Environments,961310,
961399 Remnant Vegetation and Protected Conservation Areas not elsewhere classified,961399,
961401 Coastal and Estuarine Soils,961401,
"961402 Farmland, Arable Cropland and Permanent Cropland Soils",961402,
961403 Forest and Woodlands Soils,961403,
961404 Mining Soils,961404,
961405 Mountain and High Country Soils,961405,
"961406 Sparseland, Permanent Grassland and Arid Zone Soils",961406,
961407 Urban and Industrial Soils,961407,
961499 Soils not elsewhere classified,961499,
969901 Antarctic and Sub-Antarctic Oceanography,969901,
969902 Marine Oceanic Processes (excl. climate related),969902,
969999 Environment not elsewhere classified,969999,
970101 Expanding Knowledge in the Mathematical Sciences,970101,
970102 Expanding Knowledge in the Physical Sciences,970102,
970103 Expanding Knowledge in the Chemical Sciences,970103,
970104 Expanding Knowledge in the Earth Sciences,970104,
970105 Expanding Knowledge in the Environmental Sciences,970105,
970106 Expanding Knowledge in the Biological Sciences,970106,
970107 Expanding Knowledge in the Agricultural and Veterinary Sciences,970107,
970108 Expanding Knowledge in the Information and Computing Sciences,970108,
970109 Expanding Knowledge in Engineering,970109,
970110 Expanding Knowledge in Technology,970110,
970111 Expanding Knowledge in the Medical and Health Sciences,970111,
970112 Expanding Knowledge in Built Environment and Design,970112,
970113 Expanding Knowledge in Education,970113,
970114 Expanding Knowledge in Economics,970114,
"970115 Expanding Knowledge in Commerce, Management, Tourism and Services",970115,
970116 Expanding Knowledge through Studies of Human Society,970116,
970117 Expanding Knowledge in Psychology and Cognitive Sciences,970117,
970118 Expanding Knowledge in Law and Legal Studies,970118,
970119 Expanding Knowledge through Studies of the Creative Arts and Writing,970119,
"970120 Expanding Knowledge in Language, Communication and Culture",970120,
970121 Expanding Knowledge in History and Archaeology,970121,
970122 Expanding Knowledge in Philosophy and Religious Studies,970122,
